"name","age"
"Max",11
"Max",52
"Max",24
"Max",15
"Max",12
"Max",25
"Max",14
"Max",52
"Max",11
"Max",52
"Max",14
"Max",52
"Max",11
"Max",52
"Max",14
"Max",52
"Max",11
"Max",52
"Max",25
"Max",14
"Max",52
"Max",11
"Max",52
"Max",14
"Max",52
"Max",11
"Max",52
"Max",14
"Max",52
"Max",11
"Max",25
"Max",14
"Max",52
"Max",11
"Max",52
"Max",14
"Max",52
"Max",11
"Max",52
"Max",14
"Max",52
"Max",11
"Max",25
"Max",14
"Max",52
"Max",11
"Max",52
"Max",14
"Max",52
"Max",11
"Max",52
"Max",14
"Max",52
"Max",11
"Max",25
"Max",14
"Max",52
"Max",11
"Max",52
"Max",14
"Max",52
"Max",11
"Max",52
"Max",23
"Max",44
"Max",33
"Max",33
"Max",32
"Max",44
"Max",33
"Max",35
"Max",23
"Max",23
"Max",23
"Max",23
"Max",23
"Max",36
"Max",36
"Max",36
"Max",36
"Max",36
"Max",36
"Max",52
"Max",14
"Max",52
"Max",11
"Max",25
"Max",14
"Max",52
"Max",11
"Max",52
